Id,output
1,0.5
2,0.4
3,0.5
4,0.4
5,0.3666666666666667
6,0.5
7,0.4
8,0.5
9,0.4
10,0.3666666666666667
11,0.5
12,0.3
13,0.3
14,0.5
15,0.3
